username,email
Robert O'Connell,roberto'connell + @dream-team.com
Corrie Emard,corrieemard + @dream-team.com
Joya Huel,joyahuel + @dream-team.com
Msgr. Juliane Veum,msgr.julianeveum + @dream-team.com
Joella Watsica,joellawatsica + @dream-team.com
Mrs. Rena Romaguera,mrs.renaromaguera + @dream-team.com
Donovan Armstrong V,donovanarmstrongv + @dream-team.com
Miss Kristofer Johnston,misskristoferjohnston + @dream-team.com
Dr. Callie Welch,dr.calliewelch + @dream-team.com
Lolita Moen,lolitamoen + @dream-team.com
Thomasine Denesik II,thomasinedenesikii + @dream-team.com
Alonso Wisoky,alonsowisoky + @dream-team.com
Andres Kuhlman Sr.,andreskuhlmansr. + @dream-team.com
Hyman Hauck,hymanhauck + @dream-team.com
Perry Keeling,perrykeeling + @dream-team.com
Elin Parisian,elinparisian + @dream-team.com
Shyla Corwin,shylacorwin + @dream-team.com
Amparo Roberts,amparoroberts + @dream-team.com
Davida Adams,davidaadams + @dream-team.com
Helga Konopelski DO,helgakonopelskido + @dream-team.com
Msgr. Sergio Lesch,msgr.sergiolesch + @dream-team.com
Angel Lebsack,angellebsack + @dream-team.com
Grazyna Rempel,grazynarempel + @dream-team.com
Sean Leuschke,seanleuschke + @dream-team.com
Magaret Brekke,magaretbrekke + @dream-team.com
